date,temp_max_c,temp_min_c,precipitation_mm,usd_inr_rate
2026-09-04,38.0,29.6,1.2,94.49
2026-09-07,36.4,27.4,0.0,94.49
2026-09-08,36.9,27.5,0.0,94.83
2026-09-09,37.3,27.8,0.0,95.11
2026-09-10,37.3,27.6,0.0,95.44
2026-09-11,37.7,26.7,0.0,95.56
2026-09-14,34.8,27.5,0.1,95.56
2026-09-15,35.6,27.8,0.0,95.96
2026-09-16,36.8,27.6,0.0,95.96
2026-09-17,32.2,23.4,4.2,95.94
2026-09-18,34.4,21.6,6.8,95.88
2026-09-21,34.4,24.4,0.0,95.82
2026-09-22,35.1,24.4,0.0,95.59
2026-09-23,35.6,25.5,0.0,95.74
2026-09-24,35.5,26.4,0.0,95.96
2026-09-25,35.1,26.9,0.0,95.82
2026-09-28,31.0,23.6,3.5,95.98
2026-09-29,32.5,24.1,0.0,95.98
2026-09-30,35.2,24.2,0.0,95.83
2026-10-01,36.2,23.6,0.0,96.33
2026-10-02,37.0,24.5,0.0,96.32
